<?xml version="1.0" standalone="yes"?>
<DocumentElement>
  <Transliteration>
    <Arabic>سبحان الله</Arabic>
    <Arabic_x0020_Harakat>سُبْحَانَ اللّه</Arabic_x0020_Harakat>
    <Transliteration>Subḥana’llāh</Transliteration>
    <Transkription>SubanAllah</Transkription>
  </Transliteration>
  <Transliteration>
    <Arabic>تكبير</Arabic>
    <Arabic_x0020_Harakat>‏تَكْبِير</Arabic_x0020_Harakat>
    <Transliteration>Takbīr</Transliteration>
    <Transkription>Takbir</Transkription>
  </Transliteration>
  <Transliteration>
    <Arabic>ما شاء الله</Arabic>
    <Arabic_x0020_Harakat>مَا شَاء اَللّٰه</Arabic_x0020_Harakat>
    <Transliteration>Mā schā'a llāh</Transliteration>
    <Transkription>MashaAllah</Transkription>
  </Transliteration>
  <Transliteration>
    <Arabic>الشهادة‎</Arabic>
    <Arabic_x0020_Harakat>الشَهَادَة</Arabic_x0020_Harakat>
    <Transliteration>Schahāda</Transliteration>
    <Transkription>Shahada</Transkription>
  </Transliteration>
  <Transliteration>
    <Arabic>لا إله إلا الله</Arabic>
    <Arabic_x0020_Harakat>لَا إِلَٰهَ إِلَّا اللّٰه</Arabic_x0020_Harakat>
    <Transliteration>Lā ilāha illā ʾllāh</Transliteration>
    <Transkription>La ilaha illa Allah</Transkription>
  </Transliteration>
  <Transliteration>
    <Arabic>لا إله إلا الله محمد رسول الله</Arabic>
    <Arabic_x0020_Harakat>لَا إِلَٰهَ إِلَّا اللّٰهُ مُحَمَّدٌ رَسُولُ اللّٰهِ</Arabic_x0020_Harakat>
    <Transliteration>lā ʾilāha ʾillā llāhu muḥammadun rasūlu llāhi</Transliteration>
    <Transkription>la ilaha illa Allah muhammadun rasulullah</Transkription>
  </Transliteration>
  <Transliteration>
    <Arabic>إسلام</Arabic>
    <Arabic_x0020_Harakat>إِسْلَام</Arabic_x0020_Harakat>
    <Transliteration>ʾislām</Transliteration>
    <Transkription>Islam</Transkription>
  </Transliteration>
  <Transliteration>
    <Arabic>محمد</Arabic>
    <Arabic_x0020_Harakat>مُحَمَّد</Arabic_x0020_Harakat>
    <Transliteration>Muhammad</Transliteration>
    <Transkription>Muhammad</Transkription>
  </Transliteration>
  <Transliteration>
    <Arabic>علي</Arabic>
    <Arabic_x0020_Harakat>عَلِيّ</Arabic_x0020_Harakat>
    <Transliteration>ʿaliyy</Transliteration>
    <Transkription>Ali</Transkription>
  </Transliteration>
</DocumentElement>